{"cameraMode":{"drawMode":0,"name":"Shaded","section":"Shading Mode"},"sceneLighting":false,"audioPlay":false,"sceneViewState":{"m_AlwaysRefresh":false,"showFog":false,"showSkybox":false,"showFlares":false,"showImageEffects":false,"showParticleSystems":false,"showVisualEffectGraphs":true,"m_FxEnabled":true},"in2DMode":false,"pivot":{"x":0.0070684850215911869,"y":0.9126406311988831,"z":0.011677511036396027},"rotation":{"x":-0.221094012260437,"y":0.6078981161117554,"z":-0.1810893416404724,"w":-0.7408871650695801},"size":1.0322121381759644,"orthographic":false}