{"cameraMode":{"drawMode":0,"name":"Shaded","section":"Shading Mode"},"sceneLighting":false,"audioPlay":false,"sceneViewState":{"m_AlwaysRefresh":false,"showFog":false,"showSkybox":false,"showFlares":false,"showImageEffects":false,"showParticleSystems":false,"showVisualEffectGraphs":true,"m_FxEnabled":true},"in2DMode":false,"pivot":{"x":0.02228429913520813,"y":0.8147412538528442,"z":0.10280817747116089},"rotation":{"x":0.1726880967617035,"y":0.8118968605995178,"z":-0.2976887822151184,"w":0.4717099368572235},"size":1.1258530616760255,"orthographic":false}