{"cameraMode":{"drawMode":0,"name":"Shaded","section":"Shading Mode"},"sceneLighting":false,"audioPlay":false,"sceneViewState":{"m_AlwaysRefresh":false,"showFog":true,"showSkybox":false,"showFlares":true,"showImageEffects":true,"showParticleSystems":true,"showVisualEffectGraphs":true,"m_FxEnabled":true},"in2DMode":false,"pivot":{"x":6.659739971160889,"y":0.027510784566402437,"z":3.8125431537628176},"rotation":{"x":0.08968016505241394,"y":0.8217159509658814,"z":-0.13623157143592835,"w":0.5462733507156372},"size":3.6616780757904054,"orthographic":false}