{"cameraMode":{"drawMode":0,"name":"Shaded","section":"Shading Mode"},"sceneLighting":false,"audioPlay":false,"sceneViewState":{"m_AlwaysRefresh":false,"showFog":false,"showSkybox":false,"showFlares":false,"showImageEffects":false,"showParticleSystems":false,"showVisualEffectGraphs":true,"m_FxEnabled":true},"in2DMode":false,"pivot":{"x":-0.015408962965011597,"y":0.8947492837905884,"z":0.01125335693359375},"rotation":{"x":-0.11452849209308624,"y":0.2991650402545929,"z":-0.03591971844434738,"w":-0.9466901421546936},"size":1.063694715499878,"orthographic":false}