{"cameraMode":{"drawMode":0,"name":"Shaded","section":"Shading Mode"},"sceneLighting":false,"audioPlay":false,"sceneViewState":{"m_AlwaysRefresh":false,"showFog":false,"showSkybox":false,"showFlares":false,"showImageEffects":false,"showParticleSystems":false,"showVisualEffectGraphs":true,"m_FxEnabled":true},"in2DMode":false,"pivot":{"x":0.035691678524017337,"y":0.8463948369026184,"z":0.04542510211467743},"rotation":{"x":0.24847736954689027,"y":0.42341431975364687,"z":-0.12279945611953736,"w":0.8626191020011902},"size":1.0648083686828614,"orthographic":false}